seqname	dsDNAphage	ssDNA	max_score	max_score_group	length	hallmark	viral	cellular
NODE_1_length_29907_cov_150.822528||full	0.640	0.100	0.640	dsDNAphage	29268	0	11.100	0.000
NODE_3_length_5584_cov_13759.613946||full	0.627	0.607	0.627	dsDNAphage	5581	2	50.000	0.000
NODE_9_length_3842_cov_27.242963||full	0.493	0.907	0.907	ssDNA	3838	1	20.000	0.000
NODE_15_length_3618_cov_6.273652||full	0.987	0.947	0.987	dsDNAphage	3526	1	50.000	0.000
NODE_21_length_3341_cov_35.065870||full	0.640	0.853	0.853	ssDNA	3167	1	33.300	0.000
NODE_23_length_3129_cov_6.226737||full	0.520	0.127	0.520	dsDNAphage	3129	0	33.300	0.000
